FlightNumber,Date,BoosterVersion,PayloadMass,Orbit,LaunchSite,Outcome,Flights,GridFins,Reused,Legs,LandingPad,Block,ReusedCount,Serial,Longitude,Latitude
1,2010-06-04 18:45:00+00:00,Falcon 9,8117.574038461539,LEO,CCSFS SLC 40,None None,1,False,False,False,,1.0,0,B0003,-80.577366,28.5618571
2,2010-12-08 15:43:00+00:00,Falcon 9,8117.574038461539,LEO,CCSFS SLC 40,None None,1,False,False,False,,1.0,0,B0004,-80.577366,28.5618571
3,2012-05-22 07:44:00+00:00,Falcon 9,525.0,LEO,CCSFS SLC 40,None None,1,False,False,False,,1.0,0,B0005,-80.577366,28.5618571
4,2012-10-08 00:35:00+00:00,Falcon 9,400.0,ISS,CCSFS SLC 40,None None,1,False,False,False,,1.0,0,B0006,-80.577366,28.5618571
5,2013-03-01 19:10:00+00:00,Falcon 9,677.0,ISS,CCSFS SLC 40,None None,1,False,False,False,,1.0,0,B0007,-80.577366,28.5618571
6,2013-09-29 16:00:00+00:00,Falcon 9,500.0,PO,VAFB SLC 4E,False Ocean,1,False,False,False,,1.0,0,B1003,-120.610829,34.632093
7,2013-12-03 22:41:00+00:00,Falcon 9,3170.0,GTO,CCSFS SLC 40,None None,1,False,False,False,,1.0,0,B1004,-80.577366,28.5618571
8,2014-01-06 18:06:00+00:00,Falcon 9,3325.0,GTO,CCSFS SLC 40,None None,1,False,False,False,,1.0,0,B1005,-80.577366,28.5618571
9,2014-04-18 19:25:00+00:00,Falcon 9,2296.0,ISS,CCSFS SLC 40,True Ocean,1,False,False,True,,1.0,0,B1006,-80.577366,28.5618571
10,2014-07-14 15:15:00+00:00,Falcon 9,1316.0,LEO,CCSFS SLC 40,True Ocean,1,False,False,True,,1.0,0,B1007,-80.577366,28.5618571
11,2014-08-05 08:00:00+00:00,Falcon 9,4535.0,GTO,CCSFS SLC 40,None None,1,False,False,False,,1.0,0,B1008,-80.577366,28.5618571
12,2014-09-07 05:00:00+00:00,Falcon 9,4428.0,GTO,CCSFS SLC 40,None None,1,False,False,False,,1.0,0,B1011,-80.577366,28.5618571
13,2014-09-21 05:52:00+00:00,Falcon 9,2216.0,ISS,CCSFS SLC 40,False Ocean,1,False,False,False,,1.0,0,B1010,-80.577366,28.5618571
14,2015-01-10 09:47:00+00:00,Falcon 9,2395.0,ISS,CCSFS SLC 40,False ASDS,1,True,False,True,5e9e3032383ecb761634e7cb,1.0,0,B1012,-80.577366,28.5618571
15,2015-02-11 23:03:00+00:00,Falcon 9,570.0,ES-L1,CCSFS SLC 40,True Ocean,1,True,False,True,,1.0,0,B1013,-80.577366,28.5618571
16,2015-03-02 03:50:00+00:00,Falcon 9,1954.0,GTO,CCSFS SLC 40,None None,1,False,False,False,,1.0,0,B1014,-80.577366,28.5618571
17,2015-04-14 20:10:00+00:00,Falcon 9,1898.0,ISS,CCSFS SLC 40,False ASDS,1,True,False,True,5e9e3032383ecb761634e7cb,1.0,0,B1015,-80.577366,28.5618571
18,2015-04-27 23:03:00+00:00,Falcon 9,4707.0,GTO,CCSFS SLC 40,None None,1,False,False,False,,1.0,0,B1016,-80.577366,28.5618571
19,2015-06-28 14:21:00+00:00,Falcon 9,2477.0,ISS,CCSFS SLC 40,None ASDS,1,True,False,True,5e9e3032383ecb6bb234e7ca,1.0,0,B1018,-80.577366,28.5618571
20,2015-12-22 01:29:00+00:00,Falcon 9,2034.0,LEO,CCSFS SLC 40,True RTLS,1,True,False,True,5e9e3032383ecb267a34e7c7,1.0,0,B1019,-80.577366,28.5618571
21,2016-01-17 15:42:00+00:00,Falcon 9,553.0,PO,VAFB SLC 4E,False ASDS,1,True,False,True,5e9e3033383ecbb9e534e7cc,1.0,0,B1017,-120.610829,34.632093
22,2016-03-04 23:35:00+00:00,Falcon 9,5271.0,GTO,CCSFS SLC 40,False ASDS,1,True,False,True,5e9e3032383ecb6bb234e7ca,1.0,0,B1020,-80.577366,28.5618571
23,2016-04-08 20:43:00+00:00,Falcon 9,3136.0,ISS,CCSFS SLC 40,True ASDS,1,True,False,True,5e9e3032383ecb6bb234e7ca,2.0,1,B1021,-80.577366,28.5618571
24,2016-05-06 05:21:00+00:00,Falcon 9,4696.0,GTO,CCSFS SLC 40,True ASDS,1,True,False,True,5e9e3032383ecb6bb234e7ca,2.0,0,B1022,-80.577366,28.5618571
25,2016-05-27 21:39:00+00:00,Falcon 9,3100.0,GTO,CCSFS SLC 40,True ASDS,1,True,False,True,5e9e3032383ecb6bb234e7ca,2.0,1,B1023,-80.577366,28.5618571
26,2016-06-15 14:29:00+00:00,Falcon 9,1800.0,GTO,CCSFS SLC 40,False ASDS,1,True,False,True,5e9e3032383ecb6bb234e7ca,2.0,0,B1024,-80.577366,28.5618571
27,2016-07-18 04:45:00+00:00,Falcon 9,2257.0,ISS,CCSFS SLC 40,True RTLS,1,True,False,True,5e9e3032383ecb267a34e7c7,2.0,1,B1025,-80.577366,28.5618571
28,2016-08-14 05:26:00+00:00,Falcon 9,4600.0,GTO,CCSFS SLC 40,True ASDS,1,True,False,True,5e9e3032383ecb6bb234e7ca,2.0,0,B1026,-80.577366,28.5618571
29,2016-09-01 13:07:00+00:00,Falcon 9,5500.0,GTO,CCSFS SLC 40,None ASDS,1,True,False,True,5e9e3032383ecb6bb234e7ca,3.0,0,B1028,-80.577366,28.5618571
30,2017-01-14 17:54:00+00:00,Falcon 9,9600.0,PO,VAFB SLC 4E,True ASDS,1,True,False,True,5e9e3033383ecbb9e534e7cc,3.0,1,B1029,-120.610829,34.632093
31,2017-02-19 14:39:00+00:00,Falcon 9,2490.0,ISS,KSC LC 39A,True RTLS,1,True,False,True,5e9e3032383ecb267a34e7c7,3.0,1,B1031,-80.6039558,28.6080585
32,2017-03-16 06:00:00+00:00,Falcon 9,5600.0,GTO,KSC LC 39A,None None,1,False,False,False,,3.0,0,B1030,-80.6039558,28.6080585
33,2017-03-30 22:27:00+00:00,Falcon 9,5300.0,GTO,KSC LC 39A,True ASDS,2,True,True,True,5e9e3032383ecb6bb234e7ca,2.0,1,B1021,-80.6039558,28.6080585
34,2017-05-01 11:15:00+00:00,Falcon 9,8117.574038461539,LEO,KSC LC 39A,True RTLS,1,True,False,True,5e9e3032383ecb267a34e7c7,3.0,1,B1032,-80.6039558,28.6080585
35,2017-05-15 23:21:00+00:00,Falcon 9,6070.0,GTO,KSC LC 39A,None None,1,False,False,False,,3.0,0,B1034,-80.6039558,28.6080585
36,2017-06-03 21:07:00+00:00,Falcon 9,2708.0,ISS,KSC LC 39A,True RTLS,1,True,False,True,5e9e3032383ecb267a34e7c7,3.0,1,B1035,-80.6039558,28.6080585
37,2017-06-23 19:10:00+00:00,Falcon 9,3669.0,GTO,KSC LC 39A,True ASDS,2,True,True,True,5e9e3032383ecb6bb234e7ca,3.0,1,B1029,-80.6039558,28.6080585
38,2017-06-25 20:25:00+00:00,Falcon 9,9600.0,PO,VAFB SLC 4E,True ASDS,1,True,False,True,5e9e3033383ecbb9e534e7cc,3.0,1,B1036,-120.610829,34.632093
39,2017-07-05 23:35:00+00:00,Falcon 9,6761.0,GTO,KSC LC 39A,None None,1,False,False,False,,3.0,0,B1037,-80.6039558,28.6080585
40,2017-08-14 16:31:00+00:00,Falcon 9,2910.0,ISS,KSC LC 39A,True RTLS,1,True,False,True,5e9e3032383ecb267a34e7c7,4.0,1,B1039,-80.6039558,28.6080585
41,2017-08-24 18:50:00+00:00,Falcon 9,475.0,SSO,VAFB SLC 4E,True ASDS,1,True,False,True,5e9e3033383ecbb9e534e7cc,3.0,1,B1038,-120.610829,34.632093
42,2017-09-07 13:50:00+00:00,Falcon 9,4990.0,LEO,KSC LC 39A,True RTLS,1,True,False,True,5e9e3032383ecb267a34e7c7,4.0,1,B1040,-80.6039558,28.6080585
43,2017-10-09 12:37:00+00:00,Falcon 9,9600.0,PO,VAFB SLC 4E,True ASDS,1,True,False,True,5e9e3033383ecbb9e534e7cc,4.0,1,B1041,-120.610829,34.632093
44,2017-10-11 22:53:00+00:00,Falcon 9,5200.0,GTO,KSC LC 39A,True ASDS,2,True,True,True,5e9e3032383ecb6bb234e7ca,3.0,1,B1031,-80.6039558,28.6080585
45,2017-10-30 19:34:00+00:00,Falcon 9,3700.0,GTO,KSC LC 39A,True ASDS,1,True,False,True,5e9e3032383ecb6bb234e7ca,4.0,0,B1042,-80.6039558,28.6080585
46,2017-12-15 15:36:00+00:00,Falcon 9,2205.0,ISS,CCSFS SLC 40,True RTLS,2,True,True,True,5e9e3032383ecb267a34e7c7,3.0,1,B1035,-80.577366,28.5618571
47,2017-12-23 01:27:23+00:00,Falcon 9,9600.0,PO,VAFB SLC 4E,True Ocean,2,True,True,False,,3.0,1,B1036,-120.610829,34.632093
48,2018-01-08 01:00:00+00:00,Falcon 9,8117.574038461539,LEO,CCSFS SLC 40,True RTLS,1,True,False,True,5e9e3032383ecb267a34e7c7,4.0,1,B1043,-80.577366,28.5618571
49,2018-01-31 21:25:00+00:00,Falcon 9,4230.0,GTO,CCSFS SLC 40,True Ocean,2,True,True,True,,3.0,1,B1032,-80.577366,28.5618571
50,2018-02-22 14:17:00+00:00,Falcon 9,1350.0,SSO,VAFB SLC 4E,None None,2,True,True,False,,3.0,1,B1038,-120.610829,34.632093
51,2018-03-06 05:33:00+00:00,Falcon 9,6092.0,GTO,CCSFS SLC 40,None None,1,True,False,True,,4.0,0,B1044,-80.577366,28.5618571
52,2018-03-30 14:13:51+00:00,Falcon 9,9600.0,PO,VAFB SLC 4E,None None,2,True,True,True,,4.0,1,B1041,-120.610829,34.632093
53,2018-04-02 20:30:41+00:00,Falcon 9,2760.0,ISS,CCSFS SLC 40,None None,2,True,True,True,,4.0,1,B1039,-80.577366,28.5618571
54,2018-04-18 22:51:00+00:00,Falcon 9,350.0,HEO,CCSFS SLC 40,True ASDS,1,True,False,True,5e9e3032383ecb6bb234e7ca,4.0,1,B1045,-80.577366,28.5618571
55,2018-05-11 20:14:00+00:00,Falcon 9,3750.0,GTO,KSC LC 39A,True ASDS,1,True,False,True,5e9e3032383ecb6bb234e7ca,5.0,3,B1046,-80.6039558,28.6080585
56,2018-05-22 19:47:58+00:00,Falcon 9,4300.0,PO,VAFB SLC 4E,None None,2,True,True,False,,4.0,1,B1043,-120.610829,34.632093
57,2018-06-04 04:45:00+00:00,Falcon 9,5383.85,GTO,CCSFS SLC 40,None None,2,False,True,False,,4.0,1,B1040,-80.577366,28.5618571
58,2018-06-29 09:42:00+00:00,Falcon 9,2410.0,ISS,CCSFS SLC 40,None None,2,False,True,False,,4.0,1,B1045,-80.577366,28.5618571
59,2018-07-22 05:50:00+00:00,Falcon 9,7076.0,GTO,CCSFS SLC 40,True ASDS,1,True,False,True,5e9e3032383ecb6bb234e7ca,5.0,2,B1047,-80.577366,28.5618571
60,2018-07-25 11:39:26+00:00,Falcon 9,9600.0,PO,VAFB SLC 4E,True ASDS,1,True,False,True,5e9e3033383ecbb9e534e7cc,5.0,4,B1048,-120.610829,34.632093
61,2018-08-07 05:18:00+00:00,Falcon 9,5800.0,GTO,CCSFS SLC 40,True ASDS,2,True,True,True,5e9e3032383ecb6bb234e7ca,5.0,3,B1046,-80.577366,28.5618571
62,2018-09-10 04:45:00+00:00,Falcon 9,7060.0,GTO,CCSFS SLC 40,True ASDS,1,True,False,True,5e9e3032383ecb6bb234e7ca,5.0,9,B1049,-80.577366,28.5618571
63,2018-10-08 02:22:00+00:00,Falcon 9,2800.0,SSO,VAFB SLC 4E,True RTLS,2,True,True,True,5e9e3032383ecb554034e7c9,5.0,4,B1048,-120.610829,34.632093
64,2018-11-15 20:46:00+00:00,Falcon 9,3000.0,GTO,KSC LC 39A,True ASDS,2,True,True,True,5e9e3032383ecb6bb234e7ca,5.0,2,B1047,-80.6039558,28.6080585
65,2018-12-03 18:34:00+00:00,Falcon 9,4000.0,SSO,VAFB SLC 4E,True ASDS,3,True,True,True,5e9e3033383ecbb9e534e7cc,5.0,3,B1046,-120.610829,34.632093
66,2018-12-05 18:16:00+00:00,Falcon 9,2573.0,ISS,CCSFS SLC 40,False RTLS,1,True,False,True,5e9e3032383ecb267a34e7c7,5.0,0,B1050,-80.577366,28.5618571
67,2018-12-23 13:51:00+00:00,Falcon 9,4400.0,MEO,CCSFS SLC 40,None None,1,False,False,False,,5.0,0,B1054,-80.577366,28.5618571
68,2019-01-11 15:31:00+00:00,Falcon 9,9600.0,PO,VAFB SLC 4E,True ASDS,2,True,True,True,5e9e3033383ecbb9e534e7cc,5.0,9,B1049,-120.610829,34.632093
69,2019-02-22 01:45:00+00:00,Falcon 9,5000.0,GTO,CCSFS SLC 40,True ASDS,3,True,True,True,5e9e3032383ecb6bb234e7ca,5.0,4,B1048,-80.577366,28.5618571
70,2019-03-02 07:45:00+00:00,Falcon 9,12259.0,ISS,KSC LC 39A,True ASDS,1,True,False,True,5e9e3032383ecb6bb234e7ca,5.0,12,B1051,-80.6039558,28.6080585
71,2019-05-04 06:48:00+00:00,Falcon 9,2482.0,ISS,CCSFS SLC 40,True ASDS,1,True,False,True,5e9e3032383ecb6bb234e7ca,5.0,3,B1056,-80.577366,28.5618571
72,2019-05-24 02:30:00+00:00,Falcon 9,13200.0,VLEO,CCSFS SLC 40,True ASDS,3,True,True,True,5e9e3032383ecb6bb234e7ca,5.0,9,B1049,-80.577366,28.5618571
73,2019-06-12 14:17:00+00:00,Falcon 9,1425.0,SSO,VAFB SLC 4E,True RTLS,2,True,True,True,5e9e3032383ecb554034e7c9,5.0,12,B1051,-120.610829,34.632093
74,2019-07-25 22:01:00+00:00,Falcon 9,2227.7,ISS,CCSFS SLC 40,True RTLS,2,True,True,True,5e9e3032383ecb267a34e7c7,5.0,3,B1056,-80.577366,28.5618571
75,2019-08-06 22:52:00+00:00,Falcon 9,6500.0,GTO,CCSFS SLC 40,None None,3,False,True,False,,5.0,2,B1047,-80.577366,28.5618571
76,2019-11-11 14:56:00+00:00,Falcon 9,15600.0,VLEO,CCSFS SLC 40,True ASDS,4,True,True,True,5e9e3032383ecb6bb234e7ca,5.0,4,B1048,-80.577366,28.5618571
77,2019-12-05 17:29:23+00:00,Falcon 9,5000.0,ISS,CCSFS SLC 40,True ASDS,1,True,False,True,5e9e3032383ecb6bb234e7ca,5.0,5,B1059,-80.577366,28.5618571
78,2019-12-17 00:10:00+00:00,Falcon 9,6800.0,GTO,CCSFS SLC 40,True ASDS,3,True,True,True,5e9e3032383ecb6bb234e7ca,5.0,3,B1056,-80.577366,28.5618571
79,2020-01-07 02:19:00+00:00,Falcon 9,15600.0,VLEO,CCSFS SLC 40,True ASDS,4,True,True,True,5e9e3032383ecb6bb234e7ca,5.0,9,B1049,-80.577366,28.5618571
80,2020-01-19 14:00:00+00:00,Falcon 9,8117.574038461539,SO,KSC LC 39A,None None,4,False,True,False,,5.0,3,B1046,-80.6039558,28.6080585
81,2020-01-29 14:06:00+00:00,Falcon 9,15600.0,VLEO,CCSFS SLC 40,True ASDS,3,True,True,True,5e9e3032383ecb6bb234e7ca,5.0,12,B1051,-80.577366,28.5618571
82,2020-02-17 15:05:55+00:00,Falcon 9,15600.0,VLEO,CCSFS SLC 40,False ASDS,4,True,True,True,5e9e3032383ecb6bb234e7ca,5.0,3,B1056,-80.577366,28.5618571
83,2020-03-07 04:50:31+00:00,Falcon 9,1977.0,ISS,CCSFS SLC 40,True RTLS,2,True,True,True,5e9e3032383ecb267a34e7c7,5.0,5,B1059,-80.577366,28.5618571
84,2020-03-18 12:16:00+00:00,Falcon 9,15600.0,VLEO,KSC LC 39A,False ASDS,5,True,True,True,5e9e3032383ecb6bb234e7ca,5.0,4,B1048,-80.6039558,28.6080585
85,2020-04-22 19:30:00+00:00,Falcon 9,15600.0,VLEO,KSC LC 39A,True ASDS,4,True,True,True,5e9e3032383ecb6bb234e7ca,5.0,12,B1051,-80.6039558,28.6080585
86,2020-05-30 19:22:00+00:00,Falcon 9,9525.0,ISS,KSC LC 39A,True ASDS,1,True,False,True,5e9e3032383ecb6bb234e7ca,5.0,13,B1058,-80.6039558,28.6080585
87,2020-06-04 01:25:00+00:00,Falcon 9,15600.0,VLEO,CCSFS SLC 40,True ASDS,5,True,True,True,5e9e3033383ecbb9e534e7cc,5.0,9,B1049,-80.577366,28.5618571
88,2020-06-13 09:21:00+00:00,Falcon 9,15600.0,VLEO,CCSFS SLC 40,True ASDS,3,True,True,True,5e9e3032383ecb6bb234e7ca,5.0,5,B1059,-80.577366,28.5618571
89,2020-06-30 19:55:00+00:00,Falcon 9,3880.0,MEO,CCSFS SLC 40,True ASDS,1,True,False,True,5e9e3033383ecbb9e534e7cc,5.0,12,B1060,-80.577366,28.5618571
90,2020-07-20 21:30:00+00:00,Falcon 9,8117.574038461539,GEO,CCSFS SLC 40,True ASDS,2,True,True,True,5e9e3033383ecbb9e534e7cc,5.0,13,B1058,-80.577366,28.5618571
91,2020-08-07 05:12:00+00:00,Falcon 9,15600.0,VLEO,KSC LC 39A,True ASDS,5,True,True,True,5e9e3032383ecb6bb234e7ca,5.0,12,B1051,-80.6039558,28.6080585
92,2020-08-18 14:31:00+00:00,Falcon 9,15600.0,VLEO,CCSFS SLC 40,True ASDS,6,True,True,True,5e9e3032383ecb6bb234e7ca,5.0,9,B1049,-80.577366,28.5618571
93,2020-08-30 23:18:00+00:00,Falcon 9,1600.0,SSO,CCSFS SLC 40,True RTLS,4,True,True,True,5e9e3032383ecb267a34e7c7,5.0,5,B1059,-80.577366,28.5618571
94,2020-09-03 12:46:00+00:00,Falcon 9,15600.0,VLEO,KSC LC 39A,True ASDS,2,True,True,True,5e9e3032383ecb6bb234e7ca,5.0,12,B1060,-80.6039558,28.6080585
95,2020-10-06 11:29:00+00:00,Falcon 9,15600.0,VLEO,KSC LC 39A,True ASDS,3,True,True,True,5e9e3032383ecb6bb234e7ca,5.0,13,B1058,-80.6039558,28.6080585
96,2020-10-18 12:25:00+00:00,Falcon 9,15600.0,VLEO,KSC LC 39A,True ASDS,6,True,True,True,5e9e3032383ecb6bb234e7ca,5.0,12,B1051,-80.6039558,28.6080585
97,2020-10-24 15:31:00+00:00,Falcon 9,15600.0,VLEO,CCSFS SLC 40,True ASDS,3,True,True,True,5e9e3033383ecbb9e534e7cc,5.0,12,B1060,-80.577366,28.5618571
98,2020-11-05 23:24:00+00:00,Falcon 9,3681.0,MEO,CCSFS SLC 40,True ASDS,1,True,False,True,5e9e3032383ecb6bb234e7ca,5.0,8,B1062,-80.577366,28.5618571
99,2020-11-16 00:27:00+00:00,Falcon 9,8117.574038461539,ISS,KSC LC 39A,True ASDS,1,True,False,True,5e9e3033383ecbb9e534e7cc,5.0,9,B1061,-80.6039558,28.6080585
100,2020-11-21 17:17:00+00:00,Falcon 9,1440.0,PO,VAFB SLC 4E,True RTLS,1,True,False,True,5e9e3032383ecb554034e7c9,5.0,6,B1063,-120.610829,34.632093
101,2020-11-25 02:13:00+00:00,Falcon 9,15600.0,VLEO,CCSFS SLC 40,True ASDS,7,True,True,True,5e9e3032383ecb6bb234e7ca,5.0,9,B1049,-80.577366,28.5618571
102,2020-12-06 16:17:00+00:00,Falcon 9,2972.0,ISS,KSC LC 39A,True ASDS,4,True,True,True,5e9e3032383ecb6bb234e7ca,5.0,13,B1058,-80.6039558,28.6080585
103,2020-12-13 17:30:00+00:00,Falcon 9,7000.0,GTO,CCSFS SLC 40,True ASDS,7,True,True,True,5e9e3033383ecbb9e534e7cc,5.0,12,B1051,-80.577366,28.5618571
104,2020-12-19 14:00:00+00:00,Falcon 9,8117.574038461539,,KSC LC 39A,True RTLS,5,True,True,True,5e9e3032383ecb267a34e7c7,5.0,5,B1059,-80.6039558,28.6080585
105,2021-01-08 02:15:00+00:00,Falcon 9,3500.0,GTO,CCSFS SLC 40,True ASDS,4,True,True,True,5e9e3033383ecbb9e534e7cc,5.0,12,B1060,-80.577366,28.5618571
106,2021-01-20 13:02:00+00:00,Falcon 9,15600.0,VLEO,KSC LC 39A,True ASDS,8,True,True,True,5e9e3033383ecbb9e534e7cc,5.0,12,B1051,-80.6039558,28.6080585
107,2021-01-24 15:00:00+00:00,Falcon 9,8117.574038461539,SSO,CCSFS SLC 40,True ASDS,5,True,True,True,5e9e3032383ecb6bb234e7ca,5.0,13,B1058,-80.577366,28.5618571
108,2021-02-04 06:19:00+00:00,Falcon 9,15600.0,VLEO,CCSFS SLC 40,True ASDS,5,True,True,True,5e9e3032383ecb6bb234e7ca,5.0,12,B1060,-80.577366,28.5618571
109,2021-02-16 03:59:00+00:00,Falcon 9,15600.0,VLEO,CCSFS SLC 40,False ASDS,6,True,True,True,5e9e3032383ecb6bb234e7ca,5.0,5,B1059,-80.577366,28.5618571
110,2021-03-04 08:24:00+00:00,Falcon 9,15600.0,VLEO,KSC LC 39A,True ASDS,8,True,True,True,5e9e3032383ecb6bb234e7ca,5.0,9,B1049,-80.6039558,28.6080585
111,2021-03-11 08:13:00+00:00,Falcon 9,15600.0,VLEO,CCSFS SLC 40,True ASDS,6,True,True,True,5e9e3033383ecbb9e534e7cc,5.0,13,B1058,-80.577366,28.5618571
112,2021-03-14 10:01:00+00:00,Falcon 9,15600.0,VLEO,KSC LC 39A,True ASDS,9,True,True,True,5e9e3032383ecb6bb234e7ca,5.0,12,B1051,-80.6039558,28.6080585
113,2021-03-24 08:28:00+00:00,Falcon 9,15600.0,VLEO,CCSFS SLC 40,True ASDS,6,True,True,True,5e9e3032383ecb6bb234e7ca,5.0,12,B1060,-80.577366,28.5618571
114,2021-04-07 16:34:00+00:00,Falcon 9,15600.0,VLEO,CCSFS SLC 40,True ASDS,7,True,True,True,5e9e3032383ecb6bb234e7ca,5.0,13,B1058,-80.577366,28.5618571
115,2021-04-23 09:49:00+00:00,Falcon 9,8117.574038461539,ISS,KSC LC 39A,True ASDS,2,True,True,True,5e9e3032383ecb6bb234e7ca,5.0,9,B1061,-80.6039558,28.6080585
116,2021-04-29 03:44:00+00:00,Falcon 9,15600.0,VLEO,CCSFS SLC 40,True ASDS,7,True,True,True,5e9e3033383ecbb9e534e7cc,5.0,12,B1060,-80.577366,28.5618571
117,2021-05-04 19:01:00+00:00,Falcon 9,15600.0,VLEO,KSC LC 39A,True ASDS,9,True,True,True,5e9e3032383ecb6bb234e7ca,5.0,9,B1049,-80.6039558,28.6080585
118,2021-05-09 06:42:00+00:00,Falcon 9,15600.0,VLEO,CCSFS SLC 40,True ASDS,10,True,True,True,5e9e3032383ecb6bb234e7ca,5.0,12,B1051,-80.577366,28.5618571
119,2021-05-15 22:54:00+00:00,Falcon 9,13520.0,VLEO,KSC LC 39A,True ASDS,8,True,True,True,5e9e3032383ecb6bb234e7ca,5.0,13,B1058,-80.6039558,28.6080585
120,2021-05-26 18:59:00+00:00,Falcon 9,15600.0,VLEO,CCSFS SLC 40,True ASDS,2,True,True,True,5e9e3033383ecbb9e534e7cc,5.0,6,B1063,-80.577366,28.5618571
121,2021-06-03 17:29:00+00:00,Falcon 9,3328.0,ISS,KSC LC 39A,True ASDS,1,True,False,True,5e9e3032383ecb6bb234e7ca,5.0,5,B1067,-80.6039558,28.6080585
122,2021-06-06 04:26:00+00:00,Falcon 9,7000.0,GTO,CCSFS SLC 40,True ASDS,3,True,True,True,5e9e3033383ecbb9e534e7cc,5.0,9,B1061,-80.577366,28.5618571
123,2021-06-17 16:09:00+00:00,Falcon 9,3681.0,MEO,CCSFS SLC 40,True ASDS,2,True,True,True,5e9e3033383ecbb9e534e7cc,5.0,8,B1062,-80.577366,28.5618571
124,2021-06-30 19:31:00+00:00,Falcon 9,8117.574038461539,SSO,CCSFS SLC 40,True RTLS,8,True,True,True,5e9e3032383ecb267a34e7c7,5.0,12,B1060,-80.577366,28.5618571
125,2021-08-29 07:14:00+00:00,Falcon 9,8117.574038461539,ISS,KSC LC 39A,True ASDS,4,True,True,True,5e9e3033383ecb075134e7cd,5.0,9,B1061,-80.6039558,28.6080585
126,2021-09-14 03:55:00+00:00,Falcon 9,15600.0,PO,VAFB SLC 4E,True ASDS,10,True,True,True,5e9e3032383ecb6bb234e7ca,5.0,9,B1049,-120.610829,34.632093
127,2021-09-16 00:02:00+00:00,Falcon 9,8117.574038461539,LEO,KSC LC 39A,True ASDS,3,True,True,True,5e9e3033383ecbb9e534e7cc,5.0,8,B1062,-80.6039558,28.6080585
128,2021-11-11 02:03:00+00:00,Falcon 9,12519.0,ISS,KSC LC 39A,True ASDS,2,True,True,True,5e9e3033383ecb075134e7cd,5.0,5,B1067,-80.6039558,28.6080585
129,2021-11-13 12:40:00+00:00,Falcon 9,13260.0,LEO,CCSFS SLC 40,True ASDS,9,True,True,True,5e9e3033383ecbb9e534e7cc,5.0,13,B1058,-80.577366,28.5618571
130,2021-11-24 06:20:00+00:00,Falcon 9,670.0,TLI,VAFB SLC 4E,True ASDS,2,True,True,True,5e9e3032383ecb6bb234e7ca,5.0,6,B1063,-120.610829,34.632093
131,2021-12-01 23:20:00+00:00,Falcon 9,13260.0,PO,CCSFS SLC 40,True ASDS,9,True,True,True,5e9e3033383ecb075134e7cd,5.0,12,B1060,-80.577366,28.5618571
132,2021-12-09 06:00:00+00:00,Falcon 9,330.0,LEO,KSC LC 39A,True ASDS,5,True,True,True,5e9e3033383ecbb9e534e7cc,5.0,9,B1061,-80.6039558,28.6080585
133,2021-12-18 12:41:40+00:00,Falcon 9,13260.0,PO,VAFB SLC 4E,True ASDS,11,True,True,True,5e9e3032383ecb6bb234e7ca,5.0,12,B1051,-120.610829,34.632093
134,2021-12-19 03:58:00+00:00,Falcon 9,3500.0,GTO,CCSFS SLC 40,True ASDS,3,True,True,True,5e9e3033383ecb075134e7cd,5.0,5,B1067,-80.577366,28.5618571
135,2021-12-21 10:06:00+00:00,Falcon 9,8117.574038461539,ISS,KSC LC 39A,True ASDS,1,True,False,True,5e9e3033383ecbb9e534e7cc,5.0,1,B1069,-80.6039558,28.6080585
136,2022-01-06 21:49:00+00:00,Falcon 9,13260.0,VLEO,KSC LC 39A,True ASDS,4,True,True,True,5e9e3033383ecb075134e7cd,5.0,8,B1062,-80.6039558,28.6080585
137,2022-01-13 15:25:00+00:00,Falcon 9,8117.574038461539,LEO,CCSFS SLC 40,True RTLS,10,True,True,True,5e9e3032383ecb267a34e7c7,5.0,13,B1058,-80.577366,28.5618571
138,2022-01-19 00:04:00+00:00,Falcon 9,13260.0,VLEO,KSC LC 39A,True ASDS,10,True,True,True,5e9e3033383ecb075134e7cd,5.0,12,B1060,-80.6039558,28.6080585
139,2022-01-31 23:11:12+00:00,Falcon 9,2240.0,SSO,CCSFS SLC 40,True RTLS,3,True,True,True,5e9e3032383ecb267a34e7c7,5.0,6,B1052,-80.577366,28.5618571
140,2022-02-02 20:18:00+00:00,Falcon 9,8117.574038461539,LEO,VAFB SLC 4E,True RTLS,1,True,False,True,5e9e3032383ecb554034e7c9,5.0,3,B1071,-120.610829,34.632093
141,2022-02-03 18:13:00+00:00,Falcon 9,13260.0,VLEO,KSC LC 39A,True ASDS,6,True,True,True,5e9e3033383ecb075134e7cd,5.0,9,B1061,-80.6039558,28.6080585
142,2022-02-21 14:44:00+00:00,Falcon 9,13260.0,VLEO,CCSFS SLC 40,True ASDS,11,True,True,True,5e9e3033383ecb075134e7cd,5.0,13,B1058,-80.577366,28.5618571
143,2022-02-25 17:12:00+00:00,Falcon 9,13260.0,VLEO,VAFB SLC 4E,True ASDS,4,True,True,True,5e9e3032383ecb6bb234e7ca,5.0,6,B1063,-120.610829,34.632093
144,2022-03-03 14:35:00+00:00,Falcon 9,13260.0,VLEO,KSC LC 39A,True ASDS,11,True,True,True,5e9e3033383ecbb9e534e7cc,5.0,12,B1060,-80.6039558,28.6080585
145,2022-03-09 13:45:00+00:00,Falcon 9,13260.0,VLEO,CCSFS SLC 40,True ASDS,4,True,True,True,5e9e3033383ecb075134e7cd,5.0,6,B1052,-80.577366,28.5618571
146,2022-03-19 03:24:00+00:00,Falcon 9,13260.0,VLEO,CCSFS SLC 40,True ASDS,12,True,True,True,5e9e3033383ecbb9e534e7cc,5.0,12,B1051,-80.577366,28.5618571
147,2022-04-01 16:24:00+00:00,Falcon 9,8117.574038461539,SSO,CCSFS SLC 40,True ASDS,7,True,True,True,5e9e3033383ecbb9e534e7cc,5.0,9,B1061,-80.577366,28.5618571
148,2022-04-08 15:17:00+00:00,Falcon 9,8117.574038461539,ISS,KSC LC 39A,True ASDS,5,True,True,True,5e9e3033383ecb075134e7cd,5.0,8,B1062,-80.6039558,28.6080585
149,2022-04-17 13:13:00+00:00,Falcon 9,8117.574038461539,LEO,VAFB SLC 4E,True RTLS,2,True,True,True,5e9e3032383ecb554034e7c9,5.0,3,B1071,-120.610829,34.632093
150,2022-04-21 15:16:00+00:00,Falcon 9,13260.0,VLEO,CCSFS SLC 40,True ASDS,12,True,True,True,5e9e3033383ecbb9e534e7cc,5.0,12,B1060,-80.577366,28.5618571
151,2022-04-27 07:52:00+00:00,Falcon 9,8117.574038461539,ISS,KSC LC 39A,True ASDS,4,True,True,True,5e9e3033383ecb075134e7cd,5.0,5,B1067,-80.6039558,28.6080585
152,2022-04-29 21:27:00+00:00,Falcon 9,13260.0,VLEO,CCSFS SLC 40,True ASDS,6,True,True,True,5e9e3033383ecbb9e534e7cc,5.0,8,B1062,-80.577366,28.5618571
153,2022-05-06 09:42:00+00:00,Falcon 9,13260.0,VLEO,KSC LC 39A,True ASDS,12,True,True,True,5e9e3033383ecb075134e7cd,5.0,13,B1058,-80.6039558,28.6080585
154,2022-05-13 22:07:00+00:00,Falcon 9,13260.0,VLEO,VAFB SLC 4E,True ASDS,5,True,True,True,5e9e3032383ecb6bb234e7ca,5.0,6,B1063,-120.610829,34.632093
155,2022-05-14 20:40:00+00:00,Falcon 9,13260.0,VLEO,CCSFS SLC 40,True ASDS,1,True,False,True,5e9e3033383ecbb9e534e7cc,5.0,2,B1073,-80.577366,28.5618571
156,2022-05-18 10:40:00+00:00,Falcon 9,13260.0,VLEO,KSC LC 39A,True ASDS,5,True,True,True,5e9e3033383ecb075134e7cd,5.0,6,B1052,-80.6039558,28.6080585
157,2022-05-25 18:27:00+00:00,Falcon 9,8117.574038461539,SSO,CCSFS SLC 40,True RTLS,8,True,True,True,5e9e3032383ecb267a34e7c7,5.0,9,B1061,-80.577366,28.5618571
158,2022-06-08 21:04:00+00:00,Falcon 9,3938.0,GEO,CCSFS SLC 40,True ASDS,7,True,True,True,5e9e3033383ecbb9e534e7cc,5.0,8,B1062,-80.577366,28.5618571
159,2022-06-01 17:08:50+00:00,Falcon 9,13260.0,VLEO,KSC LC 39A,True ASDS,13,True,True,True,5e9e3033383ecb075134e7cd,5.0,12,B1060,-80.6039558,28.6080585
160,2022-06-18 14:19:00+00:00,Falcon 9,2200.0,SSO,VAFB SLC 4E,True RTLS,3,True,True,True,5e9e3032383ecb554034e7c9,5.0,3,B1071,-120.610829,34.632093
161,2022-06-19 04:27:00+00:00,Falcon 9,700.0,LEO,CCSFS SLC 40,True ASDS,9,True,True,True,5e9e3033383ecbb9e534e7cc,5.0,9,B1061,-80.577366,28.5618571
162,2022-06-29 21:04:00+00:00,Falcon 9,3500.0,MEO,CCSFS SLC 40,True ASDS,2,True,True,True,5e9e3033383ecb075134e7cd,5.0,2,B1073,-80.577366,28.5618571
163,2022-07-07 13:11:00+00:00,Falcon 9,13260.0,VLEO,CCSFS SLC 40,True ASDS,13,True,True,True,5e9e3033383ecbb9e534e7cc,5.0,13,B1058,-80.577366,28.5618571
164,2022-07-11 01:39:00+00:00,Falcon 9,13260.0,VLEO,VAFB SLC 4E,True ASDS,6,True,True,True,5e9e3032383ecb6bb234e7ca,5.0,6,B1063,-120.610829,34.632093
165,2022-07-15 00:44:00+00:00,Falcon 9,8117.574038461539,ISS,KSC LC 39A,True ASDS,5,True,True,True,5e9e3033383ecb075134e7cd,5.0,5,B1067,-80.6039558,28.6080585
166,2022-07-17 14:50:00+00:00,Falcon 9,13260.0,VLEO,CCSFS SLC 40,True ASDS,13,True,True,True,5e9e3033383ecbb9e534e7cc,5.0,12,B1051,-80.577366,28.5618571
167,2022-07-21 17:13:00+00:00,Falcon 9,13260.0,VLEO,VAFB SLC 4E,True ASDS,4,True,True,True,5e9e3032383ecb6bb234e7ca,5.0,3,B1071,-120.610829,34.632093
168,2022-07-24 00:00:00+00:00,Falcon 9,13260.0,VLEO,CCSFS SLC 40,True ASDS,8,True,True,True,5e9e3033383ecb075134e7cd,5.0,8,B1062,-80.577366,28.5618571
169,2022-08-04 23:08:00+00:00,Falcon 9,678.0,TLI,CCSFS SLC 40,True ASDS,6,True,True,True,5e9e3033383ecbb9e534e7cc,5.0,6,B1052,-80.577366,28.5618571
170,2022-08-09 22:57:00+00:00,Falcon 9,13260.0,VLEO,KSC LC 39A,True ASDS,3,True,True,True,5e9e3033383ecb075134e7cd,5.0,2,B1073,-80.6039558,28.6080585
171,2022-08-12 21:30:00+00:00,Falcon 9,13260.0,VLEO,VAFB SLC 4E,True ASDS,10,True,True,True,5e9e3032383ecb6bb234e7ca,5.0,9,B1061,-120.610829,34.632093
172,2022-08-19 19:24:00+00:00,Falcon 9,13260.0,VLEO,CCSFS SLC 40,True ASDS,9,True,True,True,5e9e3033383ecb075134e7cd,5.0,8,B1062,-80.577366,28.5618571
173,2022-08-28 02:22:00+00:00,Falcon 9,13260.0,VLEO,KSC LC 39A,True ASDS,2,True,True,True,5e9e3033383ecb075134e7cd,5.0,1,B1069,-80.6039558,28.6080585
174,2022-08-31 05:40:00+00:00,Falcon 9,13260.0,VLEO,VAFB SLC 4E,True ASDS,7,True,True,True,5e9e3032383ecb6bb234e7ca,5.0,6,B1063,-120.610829,34.632093
175,2022-09-05 02:09:00+00:00,Falcon 9,13260.0,VLEO,CCSFS SLC 40,True ASDS,7,True,True,True,5e9e3033383ecbb9e534e7cc,5.0,6,B1052,-80.577366,28.5618571
176,2022-09-11 01:10:00+00:00,Falcon 9,13260.0,VLEO,KSC LC 39A,True ASDS,14,True,True,True,5e9e3033383ecb075134e7cd,5.0,13,B1058,-80.6039558,28.6080585
177,2022-09-17 01:05:00+00:00,Falcon 9,13260.0,VLEO,CCSFS SLC 40,True ASDS,6,True,True,True,5e9e3033383ecbb9e534e7cc,5.0,5,B1067,-80.577366,28.5618571
178,2022-09-24 23:30:00+00:00,Falcon 9,13260.0,VLEO,CCSFS SLC 40,True ASDS,4,True,True,True,5e9e3033383ecbb9e534e7cc,5.0,0,B1072,-80.577366,28.5618571
179,2022-10-05 16:00:00+00:00,Falcon 9,8117.574038461539,ISS,KSC LC 39A,True ASDS,1,True,False,True,5e9e3033383ecbb9e534e7cc,5.0,0,B1077,-80.6039558,28.6080585
